{
  "Total" : {
    "transaction" : "Total",
    "sampleCount" : 833,
    "errorCount" : 31,
    "errorPct" : 3.7214887,
    "meanResTime" : 689.2929171668665,
    "medianResTime" : 751.0,
    "minResTime" : 555.0,
    "maxResTime" : 1769.0,
    "pct1ResTime" : 777.0,
    "pct2ResTime" : 783.3,
    "pct3ResTime" : 894.3999999999971,
    "throughput" : 2.775214304513971,
    "receivedKBytesPerSec" : 12.459228368403869,
    "sentKBytesPerSec" : 0.35503229872200215
  },
  "Book API" : {
    "transaction" : "Book API",
    "sampleCount" : 833,
    "errorCount" : 31,
    "errorPct" : 3.7214887,
    "meanResTime" : 689.2929171668665,
    "medianResTime" : 751.0,
    "minResTime" : 555.0,
    "maxResTime" : 1769.0,
    "pct1ResTime" : 777.0,
    "pct2ResTime" : 783.3,
    "pct3ResTime" : 894.3999999999971,
    "throughput" : 2.775214304513971,
    "receivedKBytesPerSec" : 12.459228368403869,
    "sentKBytesPerSec" : 0.35503229872200215
  }
}